piece_id,type,U,R,D,L,unordered_color_signature,current_row,current_column,current_rotation_cw,is_clue
1,corner,1,17,0,0,0-0-1-17,1,1,1,False
2,corner,1,5,0,0,0-0-1-5,1,16,2,False
3,corner,9,17,0,0,0-0-9-17,16,16,3,False
4,corner,17,9,0,0,0-0-9-17,16,1,0,False
5,border,2,1,0,1,0-1-1-2,1,9,2,False
6,border,10,9,0,1,0-1-9-10,16,9,0,False
7,border,6,1,0,1,0-1-1-6,1,10,2,False
8,border,6,13,0,1,0-1-6-13,14,1,1,False
9,border,11,17,0,1,0-1-11-17,5,16,3,False
10,border,7,5,0,1,0-1-5-7,9,16,3,False
11,border,15,9,0,1,0-1-9-15,7,16,3,False
12,border,8,5,0,1,0-1-5-8,1,8,2,False
13,border,8,13,0,1,0-1-8-13,10,1,1,False
14,border,21,5,0,1,0-1-5-21,16,4,0,False
15,border,10,1,0,9,0-1-9-10,9,1,1,False
16,border,18,17,0,9,0-9-17-18,16,11,0,False
17,border,14,13,0,9,0-9-13-14,12,1,1,False
18,border,19,13,0,9,0-9-13-19,1,6,2,False
19,border,7,9,0,9,0-7-9-9,16,10,0,False
20,border,15,9,0,9,0-9-9-15,3,16,3,False
21,border,4,5,0,9,0-4-5-9,1,12,2,False
22,border,12,1,0,9,0-1-9-12,2,16,3,False
23,border,12,13,0,9,0-9-12-13,16,2,0,False
24,border,20,1,0,9,0-1-9-20,6,16,3,False
25,border,21,1,0,9,0-1-9-21,10,16,3,False
26,border,2,9,0,17,0-2-9-17,1,13,2,False
27,border,2,17,0,17,0-2-17-17,16,12,0,False
28,border,10,17,0,17,0-10-17-17,2,1,1,False
29,border,18,17,0,17,0-17-17-18,12,16,3,False
30,border,7,13,0,17,0-7-13-17,3,1,1,False
31,border,15,9,0,17,0-9-15-17,4,16,3,False
32,border,20,17,0,17,0-17-17-20,15,16,3,False
33,border,8,9,0,17,0-8-9-17,11,16,3,False
34,border,8,5,0,17,0-5-8-17,14,16,3,False
35,border,16,13,0,17,0-13-16-17,1,4,2,False
36,border,22,5,0,17,0-5-17-22,16,13,0,False
37,border,18,1,0,5,0-1-5-18,16,8,0,False
38,border,3,13,0,5,0-3-5-13,16,5,0,False
39,border,11,13,0,5,0-5-11-13,6,1,1,False
40,border,19,9,0,5,0-5-9-19,16,15,0,False
41,border,19,17,0,5,0-5-17-19,1,14,2,False
42,border,15,1,0,5,0-1-5-15,8,16,3,False
43,border,15,9,0,5,0-5-9-15,1,7,2,False
44,border,15,17,0,5,0-5-15-17,13,16,3,False
45,border,4,1,0,5,0-1-4-5,1,11,2,False
46,border,20,5,0,5,0-5-5-20,16,14,0,False
47,border,8,5,0,5,0-5-5-8,1,15,2,False
48,border,16,5,0,5,0-5-5-16,5,1,1,False
49,border,2,13,0,13,0-2-13-13,16,6,0,False
50,border,10,1,0,13,0-1-10-13,16,3,0,False
51,border,10,9,0,13,0-9-10-13,11,1,1,False
52,border,6,1,0,13,0-1-6-13,13,1,1,False
53,border,7,5,0,13,0-5-7-13,16,7,0,False
54,border,4,5,0,13,0-4-5-13,4,1,1,False
55,border,4,13,0,13,0-4-13-13,7,1,1,False
56,border,8,17,0,13,0-8-13-17,1,5,2,False
57,border,16,1,0,13,0-1-13-16,1,2,2,False
58,border,16,13,0,13,0-13-13-16,1,3,2,False
59,border,21,9,0,13,0-9-13-21,8,1,1,False
60,border,22,17,0,13,0-13-17-22,15,1,1,False
61,interior,6,18,2,2,2-2-6-18,3,10,1,False
62,interior,14,7,2,2,2-2-7-14,15,12,0,False
63,interior,10,3,2,10,2-3-10-10,14,5,0,False
64,interior,2,8,2,18,2-2-8-18,4,10,1,False
65,interior,18,22,2,18,2-18-18-22,10,14,3,False
66,interior,14,14,2,18,2-14-14-18,4,11,1,False
67,interior,11,10,2,18,2-10-11-18,15,9,1,False
68,interior,20,6,2,18,2-6-18-20,15,11,3,False
69,interior,22,8,2,18,2-8-18-22,15,8,3,False
70,interior,3,7,2,3,2-3-3-7,10,10,0,False
71,interior,7,12,2,3,2-3-7-12,12,10,2,False
72,interior,14,18,2,11,2-11-14-18,12,15,0,False
73,interior,15,4,2,11,2-4-11-15,12,4,3,False
74,interior,20,15,2,11,2-11-15-20,4,9,3,False
75,interior,8,3,2,11,2-3-8-11,14,15,1,False
76,interior,14,15,2,19,2-14-15-19,2,7,3,False
77,interior,19,15,2,19,2-15-19-19,4,13,3,False
78,interior,3,16,2,7,2-3-7-16,15,5,2,False
79,interior,20,3,2,7,2-3-7-20,8,10,3,False
80,interior,16,21,2,7,2-7-16-21,15,6,0,False
81,interior,19,18,2,15,2-15-18-19,3,9,3,False
82,interior,18,18,2,4,2-4-18-18,13,11,3,False
83,interior,11,4,2,4,2-4-4-11,2,13,2,False
84,interior,18,19,2,12,2-12-18-19,2,9,2,False
85,interior,6,14,2,12,2-6-12-14,2,10,0,False
86,interior,8,12,2,12,2-8-12-12,12,9,0,False
87,interior,16,20,2,12,2-12-16-20,8,9,0,False
88,interior,2,21,2,20,2-2-20-21,11,10,0,False
89,interior,6,22,2,20,2-6-20-22,13,9,2,False
90,interior,4,16,2,20,2-4-16-20,12,5,1,False
91,interior,11,12,2,8,2-8-11-12,13,15,2,False
92,interior,19,15,2,8,2-8-15-19,2,8,1,False
93,interior,19,4,2,8,2-4-8-19,8,11,1,False
94,interior,4,21,2,8,2-4-8-21,11,8,3,False
95,interior,12,14,2,8,2-8-12-14,2,15,1,False
96,interior,21,3,2,21,2-3-21-21,10,15,1,False
97,interior,4,19,2,22,2-4-19-22,2,14,3,False
98,interior,20,8,2,22,2-8-20-22,11,9,1,False
99,interior,21,6,2,22,2-6-21-22,9,9,2,False
100,interior,22,21,2,22,2-21-22-22,4,14,1,False
101,interior,12,15,10,10,10-10-12-15,7,4,3,False
102,interior,12,16,10,10,10-10-12-16,5,2,2,False
103,interior,16,19,10,10,10-10-16-19,5,3,1,False
104,interior,22,6,10,10,6-10-10-22,9,2,0,False
105,interior,4,15,10,18,4-10-15-18,6,7,0,False
106,interior,3,8,10,6,3-6-8-10,10,2,2,False
107,interior,19,8,10,6,6-8-10-19,9,3,0,False
108,interior,4,15,10,6,4-6-10-15,7,5,1,False
109,interior,16,11,10,6,6-10-11-16,14,2,0,False
110,interior,15,12,10,14,10-12-14-15,7,15,1,False
111,interior,12,15,10,14,10-12-14-15,7,14,3,False
112,interior,20,16,10,3,3-10-16-20,11,2,1,False
113,interior,20,19,10,3,3-10-19-20,15,15,1,False
114,interior,14,4,10,11,4-10-11-14,7,2,2,False
115,interior,7,12,10,11,7-10-11-12,7,3,0,False
116,interior,12,11,10,11,10-11-11-12,6,2,0,False
117,interior,22,16,10,11,10-11-16-22,13,4,1,False
118,interior,3,21,10,19,3-10-19-21,10,5,1,False
119,interior,16,12,10,7,7-10-12-16,10,4,3,False
120,interior,8,22,10,15,8-10-15-22,12,3,2,False
121,interior,14,22,10,4,4-10-14-22,4,2,0,False
122,interior,6,16,10,20,6-10-16-20,14,4,3,False
123,interior,14,19,10,20,10-14-19-20,11,3,0,False
124,interior,20,15,10,20,10-15-20-20,15,14,3,False
125,interior,12,22,10,8,8-10-12-22,15,2,2,False
126,interior,21,15,10,8,8-10-15-21,15,3,0,False
127,interior,14,6,10,16,6-10-14-16,10,3,2,False
128,interior,19,21,10,16,10-16-19-21,8,3,2,False
129,interior,4,3,10,16,3-4-10-16,2,2,1,False
130,interior,20,8,10,16,8-10-16-20,13,3,3,False
131,interior,6,20,10,21,6-10-20-21,4,7,0,False
132,interior,12,14,10,21,10-12-14-21,7,7,2,False
133,interior,14,16,10,22,10-14-16-22,8,4,2,False
134,interior,11,4,10,22,4-10-11-22,4,3,0,False
135,interior,4,3,10,22,3-4-10-22,5,7,2,False
136,interior,16,20,10,22,10-16-20-22,13,5,0,False
137,interior,20,7,18,18,7-18-18-20,13,10,3,False
138,interior,6,3,18,6,3-6-6-18,9,6,0,False
139,interior,6,11,18,6,6-6-11-18,9,8,2,True
140,interior,6,12,18,6,6-6-12-18,3,11,0,False
141,interior,19,21,18,6,6-18-19-21,9,5,2,False
142,interior,15,6,18,6,6-6-15-18,11,14,2,False
143,interior,16,12,18,6,6-12-16-18,6,6,3,False
144,interior,21,21,18,6,6-18-21-21,10,8,1,False
145,interior,3,4,18,14,3-4-14-18,9,11,3,False
146,interior,18,12,18,3,3-12-18-18,14,13,0,False
147,interior,18,22,18,3,3-18-18-22,10,6,0,False
148,interior,3,14,18,3,3-3-14-18,12,11,0,False
149,interior,15,12,18,3,3-12-15-18,4,5,3,False
150,interior,6,11,18,19,6-11-18-19,14,9,0,False
151,interior,4,22,18,19,4-18-19-22,10,13,3,False
152,interior,11,11,18,7,7-11-11-18,14,10,2,False
153,interior,11,19,18,7,7-11-18-19,13,12,1,False
154,interior,22,16,18,7,7-16-18-22,10,7,3,False
155,interior,7,7,18,4,4-7-7-18,12,6,0,False
156,interior,7,12,18,4,4-7-12-18,8,8,0,False
157,interior,22,7,18,4,4-7-18-22,15,13,2,False
158,interior,7,16,18,20,7-16-18-20,11,6,2,False
159,interior,8,6,18,20,6-8-18-20,9,12,1,False
160,interior,21,21,18,8,8-18-21-21,4,6,1,False
161,interior,6,20,18,16,6-16-18-20,2,4,1,False
162,interior,14,20,18,16,14-16-18-20,13,6,2,False
163,interior,15,11,18,22,11-15-18-22,8,5,0,False
164,interior,4,16,18,22,4-16-18-22,2,3,3,False
165,interior,3,4,6,14,3-4-6-14,7,6,2,False
166,interior,4,8,6,14,4-6-8-14,2,11,0,False
167,interior,3,3,6,11,3-3-6-11,8,6,0,False
168,interior,11,15,6,19,6-11-15-19,7,12,3,False
169,interior,19,21,6,19,6-19-19-21,3,7,0,False
170,interior,4,8,6,7,4-6-7-8,14,11,0,False
171,interior,20,16,6,7,6-7-16-20,13,2,1,False
172,interior,21,11,6,7,6-7-11-21,5,15,0,False
173,interior,15,15,6,15,6-15-15-15,6,12,3,False
174,interior,12,20,6,15,6-12-15-20,7,13,1,False
175,interior,7,21,6,4,4-6-7-21,9,15,1,False
176,interior,7,19,6,12,6-7-12-19,5,13,3,False
177,interior,14,4,6,20,4-6-14-20,6,15,2,False
178,interior,12,16,6,8,6-8-12-16,2,5,1,False
179,interior,8,15,6,8,6-8-8-15,6,13,1,False
180,interior,7,16,6,16,6-7-16-16,6,5,0,False
181,interior,11,16,6,21,6-11-16-21,14,3,3,True
182,interior,21,7,11,6,6-7-11-21,5,14,0,False
183,interior,14,19,8,14,8-14-14-19,14,8,0,False
184,interior,22,7,14,3,3-7-14-22,5,5,1,False
185,interior,19,12,14,11,11-12-14-19,4,12,1,False
186,interior,8,8,14,11,8-8-11-14,11,15,0,False
187,interior,21,7,14,19,7-14-19-21,12,12,1,False
188,interior,14,21,14,7,7-14-14-21,12,13,2,False
189,interior,3,19,14,7,3-7-14-19,3,2,0,False
190,interior,16,19,14,7,7-14-16-19,5,4,3,False
191,interior,3,3,14,15,3-3-14-15,5,11,2,False
192,interior,15,20,14,15,14-15-15-20,3,15,2,False
193,interior,11,7,14,4,4-7-11-14,10,11,2,False
194,interior,21,11,14,12,11-12-14-21,13,13,2,False
195,interior,21,22,14,12,12-14-21-22,13,8,0,False
196,interior,22,15,14,12,12-14-15-22,8,14,2,False
197,interior,11,22,14,20,11-14-20-22,5,8,2,False
198,interior,19,8,14,20,8-14-19-20,11,13,0,False
199,interior,20,20,14,20,14-20-20-20,4,8,0,False
200,interior,19,3,14,8,3-8-14-19,14,12,0,False
201,interior,21,8,14,16,8-14-16-21,14,7,3,False
202,interior,22,7,14,16,7-14-16-22,12,2,1,False
203,interior,12,19,14,21,12-14-19-21,2,6,3,False
204,interior,12,8,14,21,8-12-14-21,9,4,2,False
205,interior,16,3,14,21,3-14-16-21,14,6,2,False
206,interior,22,21,14,21,14-21-21-22,8,2,2,False
207,interior,22,7,3,3,3-3-7-22,9,10,3,False
208,interior,19,22,3,11,3-11-19-22,3,3,3,True
209,interior,8,15,3,11,3-8-11-15,7,11,2,False
210,interior,11,19,3,7,3-7-11-19,6,3,3,False
211,interior,16,15,3,7,3-7-15-16,6,4,1,False
212,interior,3,16,3,15,3-3-15-16,6,11,2,False
213,interior,8,8,3,4,3-4-8-8,5,10,3,False
214,interior,3,20,3,12,3-3-12-20,3,4,3,False
215,interior,4,22,3,12,3-4-12-22,8,7,1,False
216,interior,22,21,3,12,3-12-21-22,5,6,3,False
217,interior,19,15,3,20,3-15-19-20,7,10,0,False
218,interior,4,12,3,16,3-4-12-16,3,5,1,False
219,interior,11,4,3,21,3-4-11-21,11,11,0,False
220,interior,11,16,3,22,3-11-16-22,9,7,1,False
221,interior,21,21,3,22,3-21-21-22,10,9,3,False
222,interior,21,22,3,22,3-21-22-22,9,14,3,False
223,interior,12,22,11,11,11-11-12-22,3,12,3,False
224,interior,20,7,11,11,7-11-11-20,15,10,1,False
225,interior,16,15,11,11,11-11-15-16,3,13,1,False
226,interior,19,15,11,7,7-11-15-19,6,8,2,False
227,interior,12,12,11,7,7-11-12-12,6,9,0,False
228,interior,19,8,11,4,4-8-11-19,6,14,2,False
229,interior,7,22,11,20,7-11-20-22,12,7,3,False
230,interior,16,8,11,20,8-11-16-20,7,9,2,False
231,interior,12,20,11,8,8-11-12-20,5,9,2,False
232,interior,12,21,11,8,8-11-12-21,12,8,1,False
233,interior,19,20,19,19,19-19-19-20,8,12,1,False
234,interior,16,4,19,7,4-7-16-19,11,4,1,False
235,interior,7,4,19,4,4-4-7-19,10,12,2,False
236,interior,7,20,19,4,4-7-19-20,11,12,0,False
237,interior,12,15,19,4,4-12-15-19,4,4,0,False
238,interior,4,16,19,12,4-12-16-19,6,10,0,False
239,interior,15,22,19,20,15-19-20-22,8,13,1,False
240,interior,21,15,19,20,15-19-20-21,3,8,3,False
241,interior,7,21,19,8,7-8-19-21,7,8,2,False
242,interior,4,21,19,8,4-8-19-21,3,6,3,False
243,interior,15,12,7,15,7-12-15-15,5,12,3,False
244,interior,20,8,7,15,7-8-15-20,12,14,1,False
245,interior,22,20,7,4,4-7-20-22,11,7,2,False
246,interior,16,22,7,21,7-16-21-22,15,7,0,False
247,interior,21,22,15,15,15-15-21-22,4,15,2,False
248,interior,12,4,15,4,4-4-12-15,8,15,3,False
249,interior,4,21,15,12,4-12-15-21,14,14,0,True
250,interior,16,21,15,20,15-16-20-21,15,4,1,False
251,interior,22,8,4,4,4-4-8-22,2,12,2,False
252,interior,8,12,4,12,4-8-12-12,13,14,0,False
253,interior,16,20,12,8,8-12-16-20,13,7,3,False
254,interior,21,16,20,16,16-16-20-21,11,5,0,False
255,interior,16,22,20,22,16-20-22-22,3,14,3,True
256,interior,21,22,8,22,8-21-22-22,9,13,1,False
